domestic_investment,inflation,remittances,stock_market,growth,openning_commercial_rate,exchange_rate,countries,year
23.18103882439657,3.17896608357222,20.595432465436527,24.94948494080651,7.972187770934911,7.241533272,3.732756816161414,Algérie,1996
23.126377134971815,1.94619054512987,20.78153474507039,24.94948494080651,7.966975185459445,7.260363272,3.781734710102561,Algérie,1997
23.241561239316887,1.8104143642980162,20.78153474507039,24.94948494080651,8.00170862011887,7.277973109,3.8481381728829582,Algérie,1998
23.196731710810074,2.384748901459063,20.487543503425343,19.438221950084596,8.01904451301943,7.276739406,3.8935616382403424,Algérie,1999
23.150644226596913,3.1213956968516374,20.487543503425343,19.469037820468692,8.042756123062475,7.311304826,3.953964373280246,Algérie,2000
23.24927987729281,1.8104143642980162,20.322788270349285,19.05807962277077,8.05921662843798,7.353593178,4.02189333662353,Algérie,2001
23.35851725735488,0.2779558123261372,20.790924485420227,18.741688461654345,8.100954095109886,7.331943521,4.058510109212885,Algérie,2002
23.517301485358924,2.1199515239842452,21.282881624881835,18.776076858947572,8.157720980815908,7.338288851,4.063026566840619,Algérie,2003
23.743461011978397,2.5053326072893713,21.623427186890684,18.750647651531303,8.186644062799713,7.590551621,4.0861890349665835,Algérie,2004
23.86248236069247,2.780392593765304,18.951308995014493,18.769421586936673,8.230069938965267,7.715463828,4.1639868339141985,Algérie,2005
24.0231729047241,2.3558134209492194,19.057257573023957,18.361959220561907,8.23221555691401,7.776078436,4.233138403239773,Algérie,2006
24.293710275906765,1.8555691702203427,18.41067650145719,18.386744569553045,8.250136538730716,7.811567204,4.232291452589399,Algérie,2007
24.635041996969296,2.7285441584440093,18.456355632055374,18.329819607318694,8.25749137096684,7.798214357,4.228267388643085,Algérie,2008
24.683405075322018,1.8104143642980162,18.82838974261761,18.315964557967728,8.25614364440695,7.775041681,4.234672527998974,Algérie,2009
24.792141140503595,2.780059552065845,19.096627278016655,18.473391431441044,8.273460740770595,7.759793852,4.243472530324855,Algérie,2010
24.871873874851804,2.9029595455429726,19.12807503172072,19.097689475792965,8.283215111765477,7.848962005,4.306122434884152,Algérie,2011
24.88819793100726,2.00933240326722,19.18541002800857,18.93240004272531,8.29713525110376,7.87339614,4.40504294463911,Algérie,2012
24.99578816532609,1.8104143642980162,19.160718397050793,18.990721270772053,8.304723382083656,7.860669204,4.358031477242605,Algérie,2013
25.089097839519976,1.8104143642980162,21.620350351402255,18.94119237603993,8.321683295276909,7.848933592,4.352100897368651,Algérie,2014
24.973725835629974,1.8104143642980162,21.41510889668732,18.785460841404607,8.337561503642773,7.828699839,4.356027932497848,Algérie,2015
24.956412756728614,0.43753244341802167,21.410909700560314,19.841810328828906,8.348546646968353,7.789537234,4.365053612808132,Algérie,2016
24.962689286331976,1.8548367220472002,21.306535132374123,19.68238643197387,8.341013779107376,17.93607232,4.387481003398169,Algérie,2017
24.97783249578824,1.9261354356459588,21.408883944602483,19.73284033424373,8.331879732514286,17.93607232,4.424441782491214,Algérie,2018
22.987803708904984,2.9519482461225706,21.019407928797744,22.722244061675696,6.372836630415946,6.892799317,-1.726597390667829,Bangladesh,1996
23.077027004343257,1.3350621704395647,21.14624307126734,21.742225064241225,6.395641381609494,6.913592682,0.5199117200879372,Bangladesh,1997
23.126355843620725,1.5552377786562948,21.19687959959011,21.431075003337003,6.4253427270402454,6.861969572,0.5655173866221949,Bangladesh,1998
23.1785184567198,1.3299985056016157,21.31481994702386,21.168970369914074,6.4507590606896414,6.863528306,0.6077980574423556,Bangladesh,1999
23.265385744215706,1.2374054574712616,21.400044205730435,21.508162319449102,6.482814709306371,6.776277705,0.752959708011113,Bangladesh,2000
23.29220874914442,1.1820830006401377,21.46736820258373,20.70132692942766,6.513477814174485,6.777842951,0.781482333596309,Bangladesh,2001
23.31257877745768,1.3591460158815154,21.773408129835,23.42409402195763,6.5328920806474216,6.774615548,0.7309125082302975,Bangladesh,2002
23.421045863304734,1.7605812143503403,21.883808477200475,24.94948494080651,6.56188616124119,6.794452752,0.5496818476165004,Bangladesh,2003
23.512700568938126,1.517791018097611,21.99969433397404,24.94948494080651,6.596802997719648,6.861968206,0.4543244235373866,Bangladesh,2004
23.610154571382946,1.523086834784106,22.185247939493987,21.917070116616642,6.645267781474676,6.877080395,0.45370485606447614,Bangladesh,2005
23.65587117462052,1.7708653350650787,22.414747302408912,22.071419501485103,6.6963842002931395,6.895121086,0.4442156254803225,Bangladesh,2006
23.760197433232623,1.867370850439988,22.604609475429935,22.89034730803541,6.752324051346421,6.943664097,0.357009887838761,Bangladesh,2007
23.901714431528138,2.0619095113641674,22.913869836138225,23.184653913856295,6.799266568696926,6.941409709,0.29051555459706746,Bangladesh,2008
24.013732325354297,1.9116668669792343,23.076606115108902,23.764398249307252,6.83731833614527,6.871926922,0.3412406119706925,Bangladesh,2009
24.132990197214944,1.9663656479187432,23.107450420641815,24.451771450855183,6.8802912594634345,6.882683779,0.39027814578252845,Bangladesh,2010
24.28640560455618,2.061716738218368,23.214077781455206,24.58818738154269,6.9314932476346085,6.917841099,0.34107472390888627,Bangladesh,2011
24.352646016163767,2.0998045116812016,23.370831654638955,24.94948494080651,6.983129456351647,6.931473196,0.42005811041106444,Bangladesh,2012
24.47469089514896,1.9705962705755498,23.352774437883458,24.658195470800354,7.029967202368458,6.954260397,0.38768576614906025,Bangladesh,2013
24.623357757883593,1.7349754313466341,23.430484457630964,24.94948494080651,7.077382674177803,6.963720409,0.388104163916168,Bangladesh,2014
24.754879517974988,1.7703276123422322,23.450826864267498,24.90508480783132,7.129660712061097,6.969129199,0.5678106892486476,Bangladesh,2015
24.907683910753764,1.906255985760854,23.33144309631806,24.97773497876328,7.187426458566367,6.97564294,0.5698725312454395,Bangladesh,2016
25.05646898898129,1.837161813175789,23.326098699748552,25.1796894645035,7.246982069776581,16.06201145,0.5512715473884494,Bangladesh,2017
25.172902815264024,1.7222998554794853,23.468370427589978,25.072129870990956,7.312145070572042,16.06201145,0.5050338841753425,Bangladesh,2018
25.789178443624063,2.9154027293287883,21.445486264992063,24.94948494080651,8.798469848758453,-0.34848841,2.1179618894422156,Brésil,1996
25.85254126112577,2.0449825169787075,21.175614530953425,24.94948494080651,8.816217458462278,0.23593352,2.1150278539448837,Brésil,1997
25.799391105690628,1.5941946391664923,20.93514619598191,24.94948494080651,8.804303116009002,-1.440420056,2.1137171552897946,Brésil,1998
25.34859995497741,2.08075329056949,21.129397389597735,24.94948494080651,8.794160479910976,0.151414893,2.1136315934020433,Brésil,1999
25.51056117953912,1.7238490746368487,21.023067420531238,26.144474547277525,8.82286286150133,0.56322136,2.1136622959174582,Brésil,2000
25.359336477414168,2.1071897636292656,21.094080147246856,25.95028916850336,8.822996561169882,-0.080199598,2.113488839638179,Brésil,2001
25.23837102135548,2.282189737969425,21.418306723313137,25.565573441749933,8.839946800411528,0.306671568,2.113475449179432,Brésil,2002
25.25256270941643,2.6455378234434748,21.550366820902887,26.180977426176742,8.838716706918213,0.518281455,2.1134850138801564,Brésil,2003
25.47618746131286,2.0479587124658063,21.75734458224234,26.523408182712444,8.88270562125168,0.452979463,2.113456520909869,Brésil,2004
25.747664024777684,2.0056906842817823,21.754796997010665,26.885836953988104,8.902766099898308,0.237832853,2.103440824582474,Brésil,2005
25.973578564211206,1.9131322199331087,21.913290415476393,27.288879267389152,8.930719327331337,0.187820194,2.0761158091821277,Brésil,2006
26.250396038217087,1.8623791639309175,21.91891227307773,27.945621081732476,8.979268528147884,0.124267472,2.029138874879765,Brésil,2007
26.518554772029457,2.172311556038794,22.015959431382502,27.106714277569598,9.019012283950214,-0.04510338,1.9385481156684305,Brésil,2008
26.486665149270465,1.9897195961360163,21.784231466321547,27.921634647452546,9.008133904669435,-0.04510338,1.9215319803508524,Brésil,2009
26.84043241941167,2.131006226635483,21.8491047171975,28.06641108224894,9.071337504467634,0.192939261,1.912540824539361,Brésil,2010
27.013283363564433,2.1184930360476883,21.890969467834402,27.837170057452642,9.101152603661708,-0.042765762,1.8658555038224294,Brésil,2011
26.959076102246716,2.0723070191504025,21.74718046108437,27.835957534787497,9.111246892678926,-0.650091354,1.8425053113993162,Brésil,2012
26.97152929284758,2.0155114396909353,21.72304259757456,27.6512700455778,9.132116458907815,-0.574314157,1.823864920180095,Brésil,2013
26.913766241058017,2.060094302974123,21.697035924968134,27.46129296823448,9.12858540060267,-1.031187738,1.8153838845068977,Brésil,2014
26.496073797287927,2.023687657444679,21.78691047196092,26.91876065481835,9.084095488886433,-1.031187738,1.8289731492846197,Brésil,2015
26.353650396409947,2.092308945051876,21.731145844307598,27.35468630975811,9.042550202397198,-1.031187738,1.8937861080391825,Brésil,2016
26.428470051818678,1.3005688423935298,21.716062191914084,27.584678808312173,9.047620705445087,-1.031187738,1.9108387142198051,Brésil,2017
26.391068029128675,1.502639548376675,21.799458430789162,27.544181785956162,9.057461723716168,-1.031187738,1.8894844850583628,Brésil,2018
20.12063428540737,4.142600326368869,17.541203985200926,15.538277155705378,8.355367315428703,7.377814918,0.005087039048557209,Bulgarie,1996
20.814477015503737,6.816967741227328,17.739462134257693,24.94948494080651,8.20928985819503,7.423175488,0.07509974240126979,Bulgarie,1997
21.50878437451209,3.524918824995688,17.74095969303964,18.787543614278587,8.253153867411083,7.437713298,0.14886530854219193,Bulgarie,1998
21.518596237541935,1.199702493069002,17.565673705256803,18.445275790807745,8.171064107355225,7.417273497,0.5954973317133369,Bulgarie,1999
21.51905231882798,1.9988891275714882,17.880004857044415,18.676020393482894,8.22085430104105,7.454731191,0.6040006832769043,Bulgarie,2000
21.72851246921953,1.8111922360631243,20.532347807605458,18.22466586002641,8.27828474075757,7.481647028,0.8542585962998038,Bulgarie,2001
21.85879194428608,1.3476521729828266,20.886193455251863,20.397036957548877,8.357051701290523,7.462000658,1.0717079297858232,Bulgarie,2002
22.155439711294395,0.7836347415399965,21.264709175474785,21.28580306759508,8.41601906717439,7.488769364,1.1241094939097493,Bulgarie,2003
22.42441947958514,1.719468065393099,21.267199056376317,21.754294974290726,8.486639731326099,7.522325039,1.073335317456825,Bulgarie,2004
22.760060919923177,1.886198151795528,21.20130734261676,22.349682786251385,8.562354628040158,7.550381336,0.8896962265919193,Bulgarie,2005
22.967484714446474,1.9105015674144392,21.263515873671402,23.057831070220278,8.635761672585664,7.578710766,0.7771788449871376,Bulgarie,2006
23.254539944451366,2.4022292570317623,21.250094626917793,23.79908666327688,8.706946962715433,7.60547326,0.6663196863932347,Bulgarie,2007
23.61184438261668,2.0919263105529184,21.374887825002922,22.907114690129305,8.773329008840804,7.620335527,0.606372139458971,Bulgarie,2008
23.39414412961573,1.3706799843449342,21.188127913306317,22.88119156474345,8.74650605884662,7.58675073,0.6928612261788881,Bulgarie,2009
23.143091544548366,-0.2688820431502884,21.010630358984397,22.721546128951115,8.768389177902794,7.646535246,0.5648743437493292,Bulgarie,2010
23.209836997101323,1.8104143642980162,21.117461010574065,22.83387289911319,8.795595815722134,7.664007069,0.5145160587262952,Bulgarie,2011
23.162934432757762,0.10628320447430328,21.094056681120556,24.94948494080651,8.808908972160678,7.662046039,0.6694017823578491,Bulgarie,2012
23.193369170209262,-2.6316169018249456,21.23426744522622,24.94948494080651,8.808884738063183,7.674304822,0.7682960023773843,Bulgarie,2013
23.20996986880184,0.2932218456882475,21.24487708617423,24.94948494080651,8.824190878360751,7.669147513,0.8556706943222125,Bulgarie,2014
23.083143724156233,1.0807149684242272,21.125218115620957,24.94948494080651,8.864277636442157,7.668988644,1.2020422569179061,Bulgarie,2015
23.018714325757077,1.2005916677391644,21.23343324413539,24.94948494080651,8.901236838099079,7.67070593,1.2502780040986445,Bulgarie,2016
23.105555730652863,1.5707570465070897,21.508805308045666,24.94948494080651,8.935788382387091,7.669847287,1.1604563849761254,Bulgarie,2017
23.24469518613078,1.4428293195958932,21.602157874781888,24.94948494080651,8.969500922376891,7.669847287,1.2957746628891826,Bulgarie,2018
26.333860727540937,1.8728371236091614,21.237286351608923,24.94948494080651,7.4106077222614815,8.327078688,3.5676484810534164,Chine,1996
26.420785402549157,0.4803058426685339,22.246927972359106,24.94948494080651,7.488720854828096,8.342997576,3.592183675135287,Chine,1997
26.547423746642163,1.8104143642980162,19.656152215337674,24.94948494080651,7.554659001326993,8.396243817,3.719878117316241,Chine,1998
26.598070908359254,1.8104143642980162,20.08838756451044,24.94948494080651,7.619823754388238,8.41489823,3.7624883165366874,Chine,1999
26.70120312226339,0.7240607024635807,20.4463021171752,24.94948494080651,7.693432866266454,8.44988079,3.8053639804051573,Chine,2000
26.8282266892922,0.7163994672633629,20.913059408579066,24.94948494080651,7.766233922499043,8.452262587,3.8541060157775995,Chine,2001
26.96850169473415,-0.5073332658134464,21.578986874664615,24.94948494080651,7.846936842724109,8.509033901,3.883835836968744,Chine,2002
27.177186454267623,0.9567328983483304,22.254813948040116,26.963500297245243,7.93636408506212,8.531652858,3.8412417679819266,Chine,2003
27.373469974269643,1.9390283350938509,22.616561545413063,26.827434454687403,8.026767325237456,8.601127365,3.813670469086913,Chine,2004
27.5270603941766,1.3619361615981593,21.92835656495161,26.719350320693607,8.12879466817954,8.681269997,3.7864592155592156,Chine,2005
27.69472472221574,1.3677610240785982,22.186403780636244,27.7668229404209,8.242956084294113,8.732083714,3.8134617297942666,Chine,2006
27.927647442141204,2.047652390049961,22.645048634292515,29.13039112364742,8.370784676198213,8.732055779,3.7220369511913027,Chine,2007
28.215797951317388,2.053526893675976,22.93554835013358,28.206951123201797,8.457790287435303,8.797046689,3.7728800880074997,Chine,2008
28.435323310833926,1.8104143642980162,22.94350029165109,28.90446936408467,8.542645528659857,8.753335811,3.8796086232984774,Chine,2009
28.61461483310594,1.9288192500155494,23.33598219371096,29.024251442531156,8.638890113796187,8.786510547,3.82266295508148,Chine,2010
28.82863094904014,2.0888576292261405,23.530761380694216,28.85835148303793,8.724644014210229,8.838254532,3.84311155926892,Chine,2011
28.959553260584936,0.846390695797763,23.56033194292757,28.93864450561441,8.79355910459546,8.847474496,3.978507756368738,Chine,2012
29.08043738141234,0.7716672034613746,23.601908253109194,29.00451983335414,8.861691791478659,8.821285931,4.070697928330231,Chine,2013
29.15582126503709,0.030590975851031793,24.121475446092813,29.42360485701786,8.927018379971527,8.800676484,4.1113575907652935,Chine,2014
29.169239350625872,1.8104143642980162,24.222940374061572,29.73369314327537,8.989248643605354,8.746618507,4.161254401748024,Chine,2015
29.171685859718608,0.34170568055355766,24.01477032781833,29.621732310370476,9.04976234583752,8.740784342,4.207603495245279,Chine,2016
29.270655157115574,1.4428358288478473,24.07932578332534,29.795638386451383,9.110874971859566,20.13313911,4.176255810009811,Chine,2017
29.414909846879457,1.2526908618072001,23.91397282779664,29.475512140084756,9.171515598778026,20.1297751,4.22521882285856,Chine,2018
25.29132760575353,2.0248557656610893,22.894111485856058,24.94948494080651,6.4809124083985274,7.928849309,7.758887048538225,Inde,1996
25.381243748506122,1.8681449223781401,23.058411537144963,24.94948494080651,6.501920333446049,7.962325666,7.975695279046125,Inde,1997
25.398623193358407,2.080711675119571,22.97237634774636,24.94948494080651,6.543530914179208,8.039016332,9.211701694955446,Inde,1998
25.562215816161284,1.1211547933123762,23.132396019599728,24.94948494080651,6.610236924275039,7.845877102,8.968924646624515,Inde,1999
25.526341539888676,1.2933481791797026,23.27921061746793,26.142243748153252,6.630246281132125,7.932218712,9.038575892620523,Inde,2000
25.70209192397343,1.1680189466293975,23.381636793191237,25.72567831825931,6.660070840915412,7.932622041,9.23609096129712,Inde,2001
25.706152488012414,1.312562719517903,23.479200159244655,25.871839163529756,6.68050930620995,7.907801135,9.138972360683642,Inde,2002
25.871867452669235,1.3526853751350887,23.767747844473174,26.45659080110379,6.7396618342044725,7.909960202,9.056855026281742,Inde,2003
26.106688438761623,1.7449147263049796,23.654479701513864,26.752855094918694,6.799755987812412,7.972260559,9.098162224546568,Inde,2004
26.316931155126497,1.7266702654142152,23.81997807214853,27.160600732950165,6.860210710345716,8.023009864,9.18036987670169,Inde,2005
26.478328275845737,2.128343392128745,24.06731570870402,27.52039105379265,6.922276967677269,8.043135821,9.122526855212993,Inde,2006
26.80032988735533,1.9379382079357483,24.340024907446104,28.304913704499505,6.981000245670147,8.05895056,9.12052506765382,Inde,2007
26.75450882842125,2.2185477937309157,24.63483427740197,27.396953120693745,6.996751523441819,8.079913699,9.179774200008092,Inde,2008
26.84486424048449,1.9516600771988188,24.61923896965265,27.94386634386467,7.058327111966858,8.009159554,9.248593068675758,Inde,2009
27.04548491569498,2.353851318352836,24.70257284279325,28.197732733156982,7.126381454759531,8.05408367,9.11497785743242,Inde,2010
27.161898234501383,2.167175382468256,24.858417600695137,27.849834227697038,7.164582090509935,8.094044111,9.079141494977938,Inde,2011
27.13853638280246,2.0712060035885043,24.954767761810157,27.96062431122115,7.205394546286316,8.094045339,9.14704152660299,Inde,2012
27.088147626678932,1.8223701453757224,24.971337572855216,27.866143496323833,7.255470307592099,8.088959579,9.255432277437917,Inde,2013
27.142241303517704,1.203499767580156,24.97729776318362,28.153800104931086,7.315498794227367,8.079886474,9.381365977392285,Inde,2014
27.12754660377424,0.823994772479021,24.95606269233951,28.18787265109307,7.381256188464714,8.045914494,9.502219594557536,Inde,2015
27.195407672122965,1.174948119218006,24.862334595625086,28.188518890622174,7.449683023892497,8.020867339,9.496145193494508,Inde,2016
27.33950126534431,1.378579158719693,24.956896510961013,28.569460270015536,7.5047939427832455,18.49798189,9.501578654610185,Inde,2017
27.39330904845202,1.3183504940054327,25.090054091622573,28.45620943041889,7.557700171477005,18.48346269,9.563595187838887,Inde,2018
24.93252699672024,2.1606193458912686,20.49510974380866,25.234093255036345,7.627732218625754,7.482283422,7.46804875494943,Indonésie,1996
24.83534438163313,2.5314225071168206,20.401682212818947,24.092285008712253,7.659132735307912,7.45854995,7.4692809430852884,Indonésie,1997
23.912561736076775,4.321097176672289,20.680535773219347,23.817841133368375,7.504225282354334,7.470911254,7.468676497329526,Indonésie,1998
24.062394007266107,2.650505546971372,20.82672454531464,24.882846645589176,7.498152512160837,7.454028752,7.469286345884984,Indonésie,1999
24.212415514083,3.017858515447282,20.897387197175025,24.01213403363465,7.5323820459067,7.479772788,7.475824418733453,Indonésie,2000
24.17528875877969,2.659959872530561,20.768239202589143,23.858667005068487,7.554487702504661,7.483145007,7.469646011553328,Indonésie,2001
24.361252472369582,1.7742829223494205,20.95351811175822,24.12669273139685,7.584926078270016,7.491203935,8.840295657638858,Indonésie,2002
24.54743760360872,1.702459864951437,21.121175374215714,24.724380820079286,7.618133873346048,7.525331702,9.011143730773153,Indonésie,2003
24.777765815369698,2.146016312300081,21.34723172982954,25.017152822006786,7.6537993200888845,7.532047904,9.061142837496282,Indonésie,2004
24.936589820206894,2.6624799433646764,22.41329167370469,25.12298650484468,7.695800697109548,7.525661269,9.100967250684517,Indonésie,2005
25.20031260848757,2.6452825140838976,22.467646710695977,25.65692188174077,7.736054668140436,7.526586189,9.123795381993041,Indonésie,2006
25.403774136617535,2.4211303741472463,22.54366783115701,26.078402807166935,7.78433487504934,7.507511009,9.135740937474623,Indonésie,2007
25.67433613361665,2.898656855353446,22.639335281368975,25.315964576739077,7.829499748886852,7.514827756,9.15149529356398,Indonésie,2008
25.846569384202958,2.113209003199698,22.639144857783318,26.093631595453925,7.86145691778014,7.511231892,9.196677706985609,Indonésie,2009
26.178906242303942,2.7255163530982394,22.657110789513027,26.610447343267534,7.908457606245564,7.513732581,9.235440362064876,Indonésie,2010
26.356503854971937,2.0103517503635144,22.65825521535448,26.689686615440962,7.954847926736196,7.48813221,9.270146460297225,Indonésie,2011
26.42812646587669,1.3227896396236878,22.699039398926445,26.78290889737506,7.999883293537396,7.408500726,9.407184893141972,Indonésie,2012
26.398976129349105,1.6026127320532082,22.753309568255982,26.571650145970654,8.040558988351258,7.371533604,9.820890853409542,Indonésie,2013
26.39198722818183,1.694362447531688,22.869333305807668,26.768572172021756,8.076303206866987,7.36837497,10.163605609243685,Indonésie,2014
26.366812908415458,1.3813427873220825,22.9911734192462,26.590501191499573,8.111236496906841,7.380617835,10.275447284963295,Indonésie,2015
26.438925845524704,0.8915569940598009,22.910064678103026,26.77715989357708,8.14813564550707,7.448549435,10.33899200889378,Indonésie,2016
26.51209226458728,1.4569108090252931,22.919326400473203,26.978414315839345,8.18582824230454,17.07576497,10.411096954300493,Indonésie,2017
26.54196446525109,1.339811470123651,23.140548750068067,26.911049187392166,8.22493187995947,17.11404778,10.618012810140888,Indonésie,2018
24.35780836736231,3.409370779083313,20.304715489289592,23.55791579563631,8.225469576641,6.474121853,3.6141440094097126,Iran,1996
24.339436756942835,2.8038202676356705,19.806975105072254,23.443326950714756,8.217024298024494,6.483285242,3.5668379892987097,Iran,1997
24.306578327352064,2.22793502768706,20.337603356134426,23.424845817912665,8.225386439414683,6.497659773,3.5986811861957873,Iran,1998
24.31382139950123,3.499584584674648,20.045992005542757,23.8064149469469,8.221812024356824,6.496996822,3.66467683612535,Iran,1999
24.258649693028282,3.217775546742535,20.099644719035076,24.007392179422528,8.265663276802425,6.49686526,3.7608675022443068,Iran,2000
24.539258624084503,2.8067920577154832,20.340540215807735,22.722207483124947,8.261659914771396,6.494224504,3.828559871426887,Iran,2001
24.478939692541704,3.3750681784369627,20.56192268653765,23.18801739733076,8.319500667743759,6.488855439,3.8798291328382004,Iran,2002
24.638180096521065,2.569612035317181,20.887083922175805,24.03905673490666,8.390652724185385,6.475480324,4.055965306610768,Iran,2003
24.80698921695314,3.204848253973797,20.75476450400578,24.475129949328064,8.421472372376007,6.473321819,4.114101436837656,Iran,2004
24.892537263495328,3.0040075190005906,20.75476450400578,24.31893894664157,8.441177996403669,6.470065593,4.131651826347565,Iran,2005
25.007662008865818,2.679828559442369,20.75476450400578,24.31548515046885,8.478671515762942,6.463936519,4.185766245248952,Iran,2006
25.320039645265247,3.132841193368967,20.832120241858494,24.504838640858758,8.546055172906469,6.452470434,4.236887588144729,Iran,2007
25.603251757883083,2.9664054589973516,20.832120241858494,24.609205818610416,8.53762855000775,6.473512771,4.287114172656851,Iran,2008
25.579030298627348,1.5257338422574263,20.79279189959502,24.803909299635393,8.536562604499336,6.376141014,4.47613290609397,Iran,2009
25.614784773934037,2.7652258056562027,20.889627374161638,25.185044983344905,8.58150194675457,6.358161616,4.468160027295928,Iran,2010
25.76965845431273,3.1672867129997373,21.008444779180074,25.396932171074837,8.59585690122081,6.362400109,4.453096029210427,Iran,2011
25.856577823961945,3.178724831993309,21.008444779180074,25.234078639075925,8.506442838440837,6.347519117,4.485833990102567,Iran,2012
25.484067753152807,3.571430909422045,21.008444779180074,26.569058825494224,8.492106024768933,6.361230928,4.607577841258622,Iran,2013
25.44814531645264,2.383068926438534,21.008444779180074,25.482344816366748,8.52433086194562,6.361108371,4.708940200268916,Iran,2014
25.194638507801724,-0.8457451127522267,21.008444779180074,25.216700116481526,8.497873219852782,6.360436183,4.761298254065376,Iran,2015
25.161923318056335,0.47448882994614744,21.008444779180074,25.33846555857168,8.610029033298328,6.349608122,4.82907373003465,Iran,2016
25.19941665535342,2.50545879291423,21.008444779180074,25.38980389788165,8.63303975343365,14.63305698,4.851753227110964,Iran,2017
24.83723285260052,3.4934303639826743,21.008444779180074,25.689936704249916,8.55702323241046,14.62680466,4.858815932079043,Iran,2018
21.35155475790494,2.9376850557666576,20.352636843673704,21.38831699488086,8.537721949492276,7.062692834,4.045064444770159,Jamaïque,1996
21.487699574748433,2.2626688548409093,20.387932951018623,21.552345899246216,8.51641886581422,7.07139698,4.072982027292386,Jamaïque,1997
21.40371994107487,2.3584995758077634,20.424185719542262,21.480935913521858,8.48318309948887,7.070579625,4.100437628402221,Jamaïque,1998
21.35213997693926,1.933846360786384,20.468373587317622,21.64962570449735,8.48452284888826,7.086421003,4.253144654901701,Jamaïque,1999
21.460250534881578,2.3596344135086853,20.592815407562345,21.990404971386287,8.484941801701204,7.102429167,4.333040435709635,Jamaïque,2000
21.584675666155533,2.0550680826514878,20.768812651902383,22.274756789425663,8.490792891202835,7.148004777,4.363903332771161,Jamaïque,2001
21.694412584620892,2.2064979386118844,20.93966670739323,22.521178006103995,8.503810913704683,7.142222066,4.3662673782177714,Jamaïque,2002
21.623296133122945,2.4530766673829376,21.04505943902696,24.94948494080651,8.533674263473864,7.155911463,4.329885210199351,Jamaïque,2003
21.710085149988853,2.5540128119613317,21.194018020525657,24.94948494080651,8.541091234317802,7.197070868,4.37164639668138,Jamaïque,2004
21.823903987719536,2.4396254106025976,21.28950465384908,24.94948494080651,8.544506252594305,7.234080138,4.324849081018415,Jamaïque,2005
21.931712684002605,2.180213249770505,21.37753458808032,24.94948494080651,8.567838414000166,7.279095414,4.278065625638541,Jamaïque,2006
21.930490939431348,2.426642658528548,21.475667770410006,24.94948494080651,8.577053348351809,7.284123528,4.209422284333991,Jamaïque,2007
21.912891375594977,2.606151060227367,21.4917938757879,24.94948494080651,8.563987617694103,7.32941777,4.236644149008887,Jamaïque,2008
21.650697532001534,2.455864391582325,21.359575089938797,24.94948494080651,8.514553007955687,7.339044988,4.3483665921945756,Jamaïque,2009
21.690608309472765,2.2834262455839225,21.429549270379432,22.080221496600803,8.49465697543214,7.350696264,4.372394793310051,Jamaïque,2010
21.83020064577598,1.7572005415366772,21.467869509851166,22.334474181240733,8.506324105505525,7.384776831,4.4865079260898275,Jamaïque,2011
21.790764647200508,1.8828035338900637,21.497133964422808,24.94948494080651,8.494453994597917,7.401536127,4.437101789702955,Jamaïque,2012
21.819751984572424,2.1301127518352474,21.498862461016472,21.928970141360494,8.49380009409144,7.383552255,4.455775100873796,Jamaïque,2013
21.841805737893445,1.9358620124510306,21.54251028917697,21.800651084322233,8.494944782616042,7.408550086,4.476451920916266,Jamaïque,2014
21.82525108067435,1.8954193375083628,21.582450147479044,22.49813174344391,8.498607016640147,7.408521101,4.58678677509372,Jamaïque,2015
21.816272022795104,1.5399101531529833,21.612564661124367,22.59029201149944,8.507015470438331,7.373097628,4.620101846816333,Jamaïque,2016
21.910421522780798,1.8794294529868756,21.62451503622778,22.964495603724576,8.511924168938048,17.01879885,4.63870598405074,Jamaïque,2017
22.021348526947005,1.6080852279217508,21.640202327842832,23.21292202314173,8.525863652135783,16.99820822,4.618101949139847,Jamaïque,2018
21.379971250992142,3.7374022947149026,18.287639304668712,21.31050790914039,7.089727758199442,7.582531479,2.028075667947942,Kenya,1996
21.425492794765358,2.436697745767789,20.043262174264164,21.31825980009788,7.065976329312313,7.623084051,2.069196742475118,Kenya,1997
21.515925436976463,1.9360621979536863,20.091990110899598,21.45974545821797,7.070363647514775,7.654948391,2.212227222736838,Kenya,1998
21.421735388727704,1.4336403993166411,20.18687330899207,24.94948494080651,7.065500080647523,7.685091182,2.2576293056968146,Kenya,1999
21.476055291184704,1.804979775994637,20.10318327260506,20.950712118227322,7.0440194726641785,7.733176803,2.246602751979846,Kenya,2000
21.580724438795833,0.4530610983636892,17.74565686529514,20.767569762502937,7.053841172511746,7.738526309,2.2345569346288587,Kenya,2001
21.541397094763727,-0.06912978506196132,17.86107585554724,21.08184197247455,7.032170902359755,7.74690261,2.267575168645075,Kenya,2002
21.58218533563992,1.8241158495011227,18.002818539122632,22.15423715267081,7.03397806035667,7.755636496,2.378528873377338,Kenya,2003
21.68528560611558,1.9638681567128373,19.7445978047652,22.081924320818874,7.056553270489004,7.801267847,2.4235600663262136,Kenya,2004
21.977119764771107,1.5891637165874506,19.867578658264463,22.577059130676652,7.086548820586952,7.828729303,2.388569345755472,Kenya,2005
22.33599095316582,3.1582818658250704,20.161952338237484,23.154951018825024,7.121686142589384,7.814208253,2.388693215255252,Kenya,2006
22.576491471155325,2.0954976491695545,20.285097535092756,23.314379144313175,7.16026327594101,7.82209196,2.3913458420230844,Kenya,2007
22.63600224755834,2.7180780842803194,20.318768830506993,23.107808725738476,7.134910846448953,7.828459697,2.4096187085393543,Kenya,2008
22.770161001880613,3.321317474382013,20.263561796766357,23.11813836403043,7.139936677512007,7.792918149,2.603687335773906,Kenya,2009
22.97094364057358,0.49420810321908276,20.346032000489352,23.394712217842233,7.1902130943693106,7.855736416,2.536550542167225,Kenya,2010
22.996012843385667,2.3090653474398124,20.655136633205107,23.045909406857273,7.213218549045222,7.872953196,2.5195757540420436,Kenya,2011
23.222506803898614,2.2537070071722085,20.914725294049735,24.94948494080651,7.231264361733548,7.887293785,2.5779003858281206,Kenya,2012
23.27418571791091,1.9930066666997663,20.988909601604146,24.94948494080651,7.242353373089568,7.895044172,2.547254622644368,Kenya,2013
23.515036525575724,2.03274711698407,21.0884926276789,24.94948494080651,7.26574102082487,7.918352821,2.587196204869628,Kenya,2014
23.46348155593286,2.223396278079607,21.1738677441303,24.94948494080651,7.289306044415566,7.942822076,2.763060135983607,Kenya,2015
23.39796277497503,1.7663782312813723,21.279815592804148,24.94948494080651,7.306369492298554,7.952375466,2.9265996599821404,Kenya,2016
23.515756141931995,2.0288322664964795,21.397365115387906,24.94948494080651,7.320249878938903,18.30008294,2.940563937195611,Kenya,2017
23.591671221209886,1.4430576790995344,21.724032289618076,24.94948494080651,7.351956171657159,18.30556703,2.957217078304414,Kenya,2018
24.481184535057682,1.3028864976931465,18.916310666084353,26.44738736362477,8.72276086818789,7.722014905,3.2663737258536876,Malaisie,1996
24.48717427715456,1.2477072333942376,19.085639697164613,25.25833872035943,8.767823197777423,7.771209156,3.383395135488894,Malaisie,1997
23.68644691255387,2.1399155637271154,19.060344489911127,25.283035123712313,8.666109333130011,7.69873427,3.7109601219592205,Malaisie,1998
23.5755075148029,-3.0910804015482167,19.592836935942845,25.664250114454305,8.701257460105403,7.718410144,3.665840671024581,Malaisie,1999
23.88963988126904,2.1810067600877816,19.65139796974444,25.452031378728698,8.762893355468819,7.760935933,3.788549434343393,Malaisie,2000
23.872170868709123,1.8104143642980162,19.7211591854874,25.50222788845552,8.746101671335117,7.745690155,3.931681504691321,Malaisie,2001
23.888018883445515,1.140676135333601,19.89085658905296,25.55778555723796,8.777768882621638,7.771036913,3.9435907916103634,Malaisie,2002
23.930111696335395,1.1935990455339207,20.16299193776644,25.803515498250025,8.813984306647185,7.773644132,3.9927424071080244,Malaisie,2003
23.986772813328614,1.793305376168118,20.5024550888455,25.925203296736207,8.859899692536953,7.79199543,4.02606423449411,Malaisie,2004
24.189412589823817,2.181838648727669,20.833887791217816,25.919093784513446,8.892195119047212,7.797043379,4.008886372412538,Malaisie,2005
24.29894527093945,1.381515880724048,21.034769108090952,26.185320215828018,8.926831562325274,7.814881766,3.937968929855994,Malaisie,2006
24.492868027392873,1.5854163628728424,21.165536118246603,26.50798372838508,8.968323144963684,7.812107679,3.831862099669491,Malaisie,2007
24.583556828976334,2.3407379669102375,21.00774592583413,25.966277713107537,8.99639617855459,7.799121826,3.791510218613901,Malaisie,2008
24.51760510665371,1.8104143642980162,20.84625517018116,26.39045137200975,8.962988398093918,7.765081627,3.8645054885495047,Malaisie,2009
24.770064377066202,1.983322350624619,20.821231921578715,26.736220606168903,9.017699626419109,7.82567972,3.809096506923519,Malaisie,2010
24.91436042128427,1.6886941121367944,20.915121875526815,26.703729647217973,9.05370464807985,7.810538618,3.7684559820656665,Malaisie,2011
25.102208044707872,-6.769882062831503e-05,20.980853896910034,26.868711556658972,9.09253636984832,7.81913295,3.743102327927621,Malaisie,2012
25.172884232947013,-1.745976786879216,21.076293313322385,26.93864845535055,9.1247135074499,7.804349805,3.7482370342778886,Malaisie,2013
25.198440011954055,0.9031920307004571,21.180385293960025,26.852325567658802,9.16964107852567,7.831665726,3.793130326094874,Malaisie,2014
25.079299555866104,0.19725592649483883,21.22022831276042,26.67123985821111,9.205854598087177,7.860936679,3.817774740272827,Malaisie,2015
25.065429766160147,0.5057688396114915,21.19571556671976,26.608781650376176,9.235817214753009,7.898745605,3.8605710428745206,Malaisie,2016
25.105029487666243,1.3294490890571375,21.22340148303568,26.84525959651749,9.278722898869622,18.14495184,3.920064977710984,Malaisie,2017
25.1872102206127,-0.4704370218766782,21.24537466648045,26.709764826051714,9.312497645767204,18.1664695,3.9638833080861207,Malaisie,2018
20.245009473216538,1.8104143642980162,18.522513547693606,24.94948494080651,6.280363434049401,7.160832496,2.165146171111235,Mali,1996
20.206398881516073,1.7192242291640536,18.33430416131795,24.94948494080651,6.301756019781263,7.207807198,2.2541410689462094,Mali,1997
20.0649732057691,0.5536408470593571,18.251822185268807,24.94948494080651,6.348713608676466,7.211986552,2.2622229753183896,Mali,1998
20.146222432343606,2.790308641868893,18.27343735518194,24.94948494080651,6.377267439035934,7.247592147,2.282833219443873,Mali,1999
20.075519853371468,1.8104143642980162,18.10821343763379,24.94948494080651,6.348540363778648,7.278177897,2.363269587841584,Mali,2000
20.20569387698526,1.5429480663501915,18.294746302194618,24.94948494080651,6.462297079534918,7.281022298,2.4250659654039715,Mali,2001
20.325682043933718,1.2564367043163722,18.740251615974586,24.94948494080651,6.462713948817165,7.298463342,2.3997647360806322,Mali,2002
20.61136933631983,1.8104143642980162,18.851156810204753,24.94948494080651,6.518979975831334,7.295781987,2.259091129128462,Mali,2003
20.8195375006114,1.2805515900571036,18.861921468966923,24.94948494080651,6.502723160320714,7.314803665,2.182451171206516,Mali,2004
20.957990214115302,2.0151310119958397,18.99271090341256,24.94948494080651,6.53369413715895,7.352415238,2.182111879514449,Mali,2005
21.05650343356214,1.5361945979317444,19.171350489954538,24.94948494080651,6.546319119758566,7.366791853,2.174249701515948,Mali,2006
21.237250912912977,1.5162356462911306,19.655923076936784,24.94948494080651,6.547285467852404,7.399802161,2.1031987575328106,Mali,2007
21.541311683389676,1.9846317873871624,19.881597585353607,24.94948494080651,6.560621568306736,7.407515837,2.047734777969859,Mali,2008
21.449860419986862,1.5338372925083223,19.93303580290317,24.94948494080651,6.574954196511031,7.35530799,2.086553690285617,Mali,2009
21.52105034504786,1.4736181285933492,19.97406781842886,24.94948494080651,6.595143421539764,7.393555577,2.130272281149103,Mali,2010
21.60886994657855,2.5000325189282364,20.480057337474943,24.94948494080651,6.596323214727279,7.409114955,2.0906132797767403,Mali,2011
21.33506931346019,1.5272311842751591,20.53387657167003,24.94948494080651,6.5583955804457466,7.415558755,2.155064255131705,Mali,2012
21.542229128327065,-0.42674216409506005,20.611785590558718,24.94948494080651,6.552076406244225,7.402451991,2.1288867194952696,Mali,2013
21.668254511446065,0.2379481721303825,20.640172149572066,24.94948494080651,6.591506768238275,7.422635328,2.1289857890760784,Mali,2014
21.60100903248552,1.0590080853464545,20.520662094658196,24.94948494080651,6.622035129530376,7.41702816,2.278737821702017,Mali,2015
21.681381951742843,0.30093559056078806,20.532929411653388,24.94948494080651,6.649155307710362,7.461364383,2.2831449552545875,Mali,2016
21.75439179590536,0.6597316544722173,20.599127418918986,24.94948494080651,6.670858367479038,17.13068462,2.2713005851457537,Mali,2017
21.883879678736527,0.3770408809897285,20.74509996938221,24.94948494080651,6.687150524938098,17.15586476,2.2392301294158217,Mali,2018
22.96555044492676,-0.8312867472766168,21.495904979396073,24.94948494080651,7.442608205093748,7.293997393,1.2212673870472366,Maroc,1996
22.910385406865302,-0.3377247060066884,21.361328180760324,24.94948494080651,7.413233064948842,7.29045965,1.2204611218307382,Maroc,1997
23.038583410015132,-0.938226369816771,21.421717743331904,24.94948494080651,7.470140955329305,7.281164688,1.2202397767898079,Maroc,1998
23.11478891655115,-0.5629150764311832,21.384976854321096,24.94948494080651,7.46834940250859,7.310121522,1.2223773960020405,Maroc,1999
23.072823665575896,1.8104143642980162,21.49381950485306,24.94948494080651,7.474999458481473,7.31723989,1.2447451976160704,Maroc,2000
23.045856965968635,-0.4272238075536059,21.905275276063804,24.94948494080651,7.533515541411643,7.312843344,1.379521476832462,Maroc,2001
23.132043305477314,0.18941673500533948,21.78006696175503,24.94948494080651,7.552275089886352,7.32623465,1.5040033200326597,Maroc,2002
23.32587085708541,0.060723443257809206,22.00805794284883,24.94948494080651,7.5983067907195725,7.347607157,1.7665912227084644,Maroc,2003
23.512810076058134,0.1982122182133195,22.163299051562337,24.94948494080651,7.633369259558598,7.420182107,1.8239429255060695,Maroc,2004
23.600192300719797,0.1744075009626362,22.246977397983862,24.94948494080651,7.6539986497355,7.496181183,1.754201816809011,Maroc,2005
23.720095747905106,0.4369836442206271,22.41913298367558,24.94948494080651,7.715300673759528,7.559875796,1.746268025019463,Maroc,2006
23.958647150637645,1.2795592348475797,22.629911177366896,24.94948494080651,7.738276361418037,7.639360479,1.7290740448012591,Maroc,2007
24.183938331358465,1.5108316674688855,22.65395904034126,24.94948494080651,7.783891190190532,7.722017856,1.6923994331484478,Maroc,2008
24.104708994653716,-1.9179199636912372,22.558901441737078,24.94948494080651,7.813103691098086,7.632317367,1.7128160601182714,Maroc,2009
24.075858372057432,-0.024680378165375334,22.583079753298186,24.959574407968372,7.837656621103076,7.605500235,1.7266773191065763,Maroc,2010
24.1867130932981,1.8104143642980162,22.7051373949929,24.819074160680064,7.875291896972225,7.629075427,1.7805009378068752,Maroc,2011
24.19001966059694,-0.9960505658585196,22.59628347306255,24.68369493279711,7.890973841114994,7.651097688,1.8010591483542795,Maroc,2012
24.21657593776707,0.2679578494031825,22.652131545580055,24.70912240545298,7.921117982828082,7.660708822,1.9272114122477708,Maroc,2013
24.21554360510773,-0.9733649740272868,22.775939162657078,24.688768943955374,7.933338300125216,7.638283324,1.9569360767771293,Maroc,2014
24.08028995201542,0.755675046082482,22.65530068745518,24.55033904795341,7.963897683177011,7.63139102,2.040084402510949,Maroc,2015
24.158086486459695,0.3941729274203339,22.57697828201572,24.776436239651538,7.961026963402709,7.590115937,2.305121951445861,Maroc,2016
24.169650413817326,-0.454222670180972,22.64356540521669,24.928681776767622,7.989632350318145,17.52553614,2.8782167126230536,Maroc,2017
24.23576380310229,0.0858418337322871,22.657597780472564,24.83546308735283,8.00791045334193,17.50150778,2.8773591499549576,Maroc,2018
25.04973100393994,3.278860707907283,22.32245137291616,25.39394713345365,8.95745964412109,7.653860173,3.5857022014575812,Mexique,1996
25.32156564627712,2.9309200771432784,22.436306721463062,25.776928755372182,9.008091520801983,7.639503829,3.7162884958189406,Mexique,1997
25.433072626675095,2.7362932699476685,22.595259687785074,25.242287546266553,9.043280879339186,7.613810793,3.807698989529916,Mexique,1998
25.56547863548047,2.7789943527896477,22.617675930691735,25.760503333838688,9.055682046235699,7.587921835,3.901986640790178,Mexique,1999
25.74794405940316,2.4116373362304238,22.741462491516312,25.553208886198824,9.089513033266206,7.594650842,3.98244766608228,Mexique,2000
25.73948264315207,1.7986506892615621,23.04037129730039,25.561596279136698,9.071421334635458,7.619744211,4.125958882638584,Mexique,2001
25.725737573822737,1.705359881770864,23.123834632695235,25.36709071054093,9.057292601837483,7.639035574,4.089730294008415,Mexique,2002
25.69479587816214,1.3961099228433214,23.535897434932224,25.5316458919652,9.05801502302989,7.69910846,4.056157923176517,Mexique,2003
25.799533932954816,2.074643923631167,23.712061505738767,25.86727745331107,9.08265720530637,7.652241363,4.064879076124803,Mexique,2004
25.92545828134907,1.770522453565053,23.84747227713723,26.200264601274746,9.091314834974987,7.732206832,4.0862195602753815,Mexique,2005
26.070996733295356,1.854612572160335,24.002024795695625,26.57645957813248,9.120722485415001,7.776968804,4.098856617573182,Mexique,2006
26.165603970593423,1.7559701524536977,24.01464326177739,26.709025743489274,9.128517713963413,7.756408777,4.106578024514985,Mexique,2007
26.272817330040663,1.8201058978076552,23.98295684070844,26.178821625620877,9.12493497385862,7.766240261,4.254307366455105,Mexique,2008
26.01731561507044,1.3731237316594054,23.817744878284195,26.587026095122084,9.055861755805655,7.710174871,4.403211782196444,Mexique,2009
26.153935528339385,1.514061024678523,23.81794979533353,26.8421231425086,9.091394815716416,7.748663172,4.444928852914954,Mexique,2010
26.295196450917697,1.7652226612629525,23.87795126239031,26.736222343429205,9.113422059633894,7.749933133,4.458332175484199,Mexique,2011
26.337612921714538,1.4026417535333515,23.86779085605612,26.98677205561533,9.135644695856788,7.707651634,4.5368399222852505,Mexique,2012
26.32483311653082,0.42509178568468686,23.866935755983004,26.988596783082382,9.13593918044264,7.724885076,4.621327935643607,Mexique,2013
26.34437502392102,1.4905911228318356,23.934193410991053,26.89756289362308,9.151261542271381,7.712107455,4.616111000407844,Mexique,2014
26.294880600058526,1.0420723488577233,23.990290546236704,26.72034777691866,9.171250788268091,7.685269276,4.632486393940365,Mexique,2015
26.228272983644374,1.7237085669629084,24.0798478371044,26.583509330892248,9.185183482671663,7.708418333,4.6517590433442475,Mexique,2016
26.268556658721412,1.9040022124204992,24.19741957511461,26.7564012661676,9.194454935035848,17.72299291,4.658285858784943,Mexique,2017
26.318423822339454,1.5986622878647763,24.300331123847606,26.676642746728177,9.204903302413296,17.73622746,4.802577945769929,Mexique,2018
23.650954046855578,3.2768084446826613,19.507852293896935,23.266008911413795,7.270463322799932,7.675904483,3.085775196594249,Nigéria,1996
23.764159399293057,1.620446283473711,20.18838384815745,23.25370735818317,7.274523329356498,7.825576705,3.0858494475591174,Nigéria,1997
23.820823370436674,1.7933156415443454,19.92152363715324,23.057511405613536,7.275095111053192,7.816366074,3.0858471629962514,Nigéria,1998
23.846804063400757,2.5975335735310767,20.98644175445386,21.80153255094909,7.255955917361634,7.723350934,4.5254568407354645,Nigéria,1999
23.886493854096724,3.121207312128443,21.05388244287353,24.94948494080651,7.279859268305091,7.764805901,4.622001081471794,Nigéria,2000
23.82503235385794,2.310203721634252,20.877371885462807,24.94948494080651,7.312235174028376,7.788636189,4.711611367516158,Nigéria,2001
23.9632572274808,3.0497018588553364,20.91302515460046,21.587816859015007,7.429640077410883,7.819747296,4.792298159267389,Nigéria,2002
24.116580881747346,2.2828234894706285,20.784192332373905,24.94948494080651,7.475165740711048,7.944177101,4.861534564003969,Nigéria,2003
24.294111045861968,3.107646632331637,21.54424957214224,23.48744051014757,7.538042917050277,7.734257469,4.889506856317107,Nigéria,2004
24.506861116452015,2.988631863635996,23.40702910432246,23.82533814627173,7.574583348558731,7.819195341,4.877289280859341,Nigéria,2005
24.846847925258707,3.172387017873006,23.55247966881396,24.21462410291129,7.607304309765754,7.979125941,4.8571084939489255,Nigéria,2006
24.74183322050121,1.9600568953155588,23.614438984027075,25.164675970621165,7.6448127144934395,7.974879381,4.834757796084348,Nigéria,2007
24.88253047275411,2.069566342189355,23.678174763701715,24.595763506828586,7.683769070522613,7.993167568,4.775301211778211,Nigéria,2008
24.85510594485779,-0.37673353109028207,23.634028116536914,24.19595873364685,7.734442739868366,7.856852474,5.0032866367337085,Nigéria,2009
24.830509823857337,2.793785372920231,23.706153726573582,24.646157563259656,7.784741720914312,7.83017679,5.012620156286698,Nigéria,2010
24.874117599193426,2.2801818127991536,23.74937078053065,24.38755516696785,7.809681349133046,7.870616185,5.036053550985385,Nigéria,2011
24.89351947671613,2.2973350060212727,23.745780462935155,24.75227511625612,7.824302450272188,7.801506216,5.059421812544756,Nigéria,2012
25.000977423541134,1.6023620808033598,23.758078138631934,25.112887307700277,7.862115660656432,7.730237194,5.05822616797592,Nigéria,2013
25.135556284109477,1.5395781475118513,23.767744692767774,24.862684301503595,7.896652117481517,7.787171083,5.066086662466493,Nigéria,2014
25.002417455800135,1.0521023157426501,23.74982052783081,24.634766305876138,7.896359251545915,7.751217786,5.259787141832737,Nigéria,2015
24.810661851324507,2.2558781148699323,23.703779797358845,24.117520305613,7.853781670991575,7.797393188,5.535333258067093,Nigéria,2016
24.73591957011644,2.4086479885922385,23.815989459612705,24.340048141999937,7.835731567394983,17.90241232,5.722898948956186,Nigéria,2017
25.04791769281269,2.325176483957066,23.914195681798812,24.173905551022433,7.82891111381337,17.92862153,5.723858555410249,Nigéria,2018
23.12145049215425,2.1250850934573786,20.973285170080967,23.179469468205504,6.934820942478724,7.489423427,0.9226474848409545,Pakistan,1996
23.045994038366725,2.5940236984937313,21.258169010862023,23.191816114274477,6.916211808403397,7.493645433,1.0343196633401301,Pakistan,1997
22.959346309233002,2.018368594936981,20.88197752810123,22.413105161942525,6.912917164324677,7.498871657,1.3672071028862367,Pakistan,1998
22.894959776841052,1.768539660571264,20.719257815548872,22.670289651360477,6.921207697778743,7.53304908,1.33500106673234,Pakistan,1999
23.29629663729087,3.6509695225799854,20.79558649852604,22.61405582963742,6.936452142133531,7.583553042,1.33500106673234,Pakistan,2000
23.2536705803661,1.6697115481129974,21.102386969714974,22.313194678992286,6.946164223858697,7.557276067,1.33500106673234,Pakistan,2001
23.174139334189974,1.316143668874545,21.99133956667887,24.94948494080651,6.946768151529295,7.567819086,1.33500106673234,Pakistan,2002
23.350023142048112,1.1812991135527813,22.100519453414154,24.94948494080651,6.979512133777214,7.572767182,1.33500106673234,Pakistan,2003
23.494945469695576,1.9920589604076309,22.095714791244248,24.54307771554111,7.029208770725583,7.623059589,1.33500106673234,Pakistan,2004
23.686247652824846,2.059208685978692,22.177218846540118,24.536954253652834,7.069395658102711,7.644483736,1.3315983543304277,Pakistan,2005
23.915372754686583,2.1829920917966636,22.356615569426825,24.527847941994082,7.103778809347742,7.659717105,1.29969479696008,Pakistan,2006
23.98866761467522,1.9843502452929305,22.51469191727323,24.967686933782726,7.1281587695331,7.650248229,1.2347646466435438,Pakistan,2007
24.122582849502283,2.5805205576711696,22.674731951572404,23.87403582536716,7.1223992057336725,7.652132185,1.2047225231165568,Pakistan,2008
24.012394997319312,3.028514797062868,22.88854097897585,24.185463612950915,7.127988930284257,7.617048011,1.2597394081642086,Pakistan,2009
23.94874360337136,2.3841871493979387,22.994360262849085,24.361040926192914,7.121957764797597,7.647401445,1.1697188538409493,Pakistan,2010
24.009519325438344,2.9778050939983305,23.2298524357263,24.206593898795724,7.127482952640966,7.654758573,1.1184158999507334,Pakistan,2011
24.132360069314604,1.786508101723456,23.36282304160332,24.94948494080651,7.140690111030424,7.641280533,1.1277829466593807,Pakistan,2012
24.15352437303152,1.9410330005798493,23.406271696942362,24.94948494080651,7.162683213782945,7.633343165,1.1476908398214463,Pakistan,2013
24.18440069166652,2.003040031498583,23.570730093831298,24.94948494080651,7.1874459857682504,7.634873993,1.185664142782974,Pakistan,2014
24.365248644096372,1.4134835275631932,23.683681765372835,24.94948494080651,7.212786847746759,7.622833704,1.362385883409142,Pakistan,2015
24.393259047783918,-0.9157018082662327,23.709906910488623,24.94948494080651,7.245717741126254,7.616996959,1.422698771588091,Pakistan,2016
24.514615353182343,1.3896331694595059,23.711772065408663,24.94948494080651,7.278997069963616,17.54552603,1.458717547211141,Pakistan,2017
24.625658094123565,0.8998711025427774,23.776936775420847,24.94948494080651,7.315146093977415,17.54216052,1.3950385532464358,Pakistan,2018
24.296531079614375,2.0397862461687746,22.307385941396223,25.11336765439257,7.4796325902826295,6.827594685,-0.026951620904406358,Philippines,1996
24.296531079614375,1.8341507530178607,22.640041379490732,24.168818164898653,7.507636458748363,6.849734346,0.10066701811012338,Philippines,1997
24.296531079614375,2.342350884307414,22.358371496129088,24.28706494467861,7.480259334819596,6.857677581,0.12990921545422401,Philippines,1998
24.296531079614375,1.8460329426750937,22.624328041064917,24.46516080158197,7.491268722281844,6.854560631,0.17077599590432824,Philippines,1999
23.508655653586903,1.7607732430417962,22.658259474260372,23.980618252023227,7.51257016183699,6.865707549,0.3153093987007139,Philippines,2000
23.394089367542815,1.7261291996021448,22.89346174189471,23.779404826224088,7.521280853532538,6.906338627,0.3637486164223558,Philippines,2001
23.461859155403854,1.4424600719747622,22.998993475770575,23.641438110023937,7.536750233959477,6.889747351,0.35187678425932206,Philippines,2002
23.5091343666698,1.160688822023401,23.049469795539093,23.866371015876897,7.565849624996737,6.873867836,0.2534464129855485,Philippines,2003
23.592172573286128,1.7733847726338088,23.162826384967534,24.0767393357591,7.60970072205754,6.868179734,0.21951029261608426,Philippines,2004
23.69524727354111,1.776796995666681,23.343035326473327,24.407100587915615,7.639049511364803,6.866106122,0.26038795362031814,Philippines,2005
23.896944599209192,1.6315098576007316,23.46385347143053,24.940590867703182,7.672911415725709,6.912770097,0.2859493221066012,Philippines,2006
24.105610464034317,1.1519286240631512,23.5228271372359,25.35656409342946,7.718956296391186,6.963749034,0.24792071291557877,Philippines,2007
24.268883375514015,1.971190210455206,23.65981442231746,24.675097843990706,7.744884273733312,7.005540096,0.20875384794860022,Philippines,2008
24.212426104878823,1.0073221586354777,23.716971440144974,25.181668040475042,7.742765039821816,7.030894401,0.3003082754092594,Philippines,2009
24.473044496272195,1.4749653603617394,23.793949440723544,25.781550962740415,7.796883846207124,7.044592387,0.3586529863223601,Philippines,2010
24.51702496565351,1.3657869583783915,23.861088905037054,25.82961377530185,7.8178223656720025,7.070615272,0.3420163630821759,Philippines,2011
24.67836610472491,0.690230980892438,23.926405682684564,26.1583695928646,7.867476224086118,7.105276448,0.4458976936986029,Philippines,2012
24.800863362164193,0.7232220431605896,24.008559925220634,26.104637955021435,7.915879787286492,7.122828402,0.4852975370592952,Philippines,2013
24.85139119324069,1.116142827324491,24.07984227751492,26.291002025950604,7.9609593977114645,7.103590403,0.5292596679205235,Philippines,2014
24.944654318527512,1.8104143642980162,24.11775395172457,26.198975715816378,8.00671523444082,7.10980622,0.6737732113767477,Philippines,2015
25.10085681480793,0.24710359843713048,24.161822375632234,26.202812690157035,8.060698674792942,7.106654096,0.7645526946826374,Philippines,2016
25.156842073591836,0.8416792252668222,24.213992187061926,26.39453000969226,8.113259370195847,16.36731138,0.8835299086306723,Philippines,2017
25.273240024136474,1.3192604169724376,24.243991929280394,26.27682857326898,8.160785008804295,16.36549523,0.9733765506124763,Philippines,2018
23.231741833097512,2.2708613710090817,20.207427671356875,24.94948494080651,8.069130398045637,6.754049755,-1.1762871144879252,Pérou,1996
23.338060802456486,1.9855608698321898,20.270709121304396,23.463845181736467,8.113588883376439,6.819002149,-0.3329663233236509,Pérou,1997
23.27661522702966,1.6810309339859806,20.287856852465175,23.012613703158436,8.092086382256992,6.845863549,-0.11928187748380745,Pérou,1998
23.089632036227894,1.0765525560189524,20.322788270349285,23.215807432881384,8.090679634909083,6.872144825,0.4274116773475673,Pérou,1999
23.043516825318548,1.2598010114945093,20.39151182796257,23.000523891144333,8.102738074975083,6.958748491,0.7751289683864209,Pérou,2000
22.95843682839907,-0.7869122882187117,20.439856542458738,23.0046610007859,8.096154671925943,6.989884082,1.0668048073785323,Pérou,2001
22.93863536977972,-2.216251227429599,20.37425075700733,23.160507689102452,8.138060915919612,7.019925536,1.195600756328878,Pérou,2002
23.019623254409648,0.5898537854584708,20.582278143645436,23.371214237870465,8.168907910767782,7.045192135,1.1999669163598563,Pérou,2003
23.140027702579125,1.8372168759425394,20.84788199776515,23.61772533972878,8.208135310507197,7.079430217,1.1828482946260548,Pérou,2004
23.2864846962303,1.2538259463337889,21.08795584948564,23.90712445354273,8.260370667046114,7.107450536,1.0694076776967645,Pérou,2005
23.481134273696096,2.0355220568253705,21.33166867298566,24.412684145852023,8.324529747198824,7.138565185,1.0328226146762376,Pérou,2006
23.739746530187375,0.39922967784889324,21.479770214479025,24.962957728680294,8.398092929924728,7.17977986,0.8912805688699874,Pérou,2007
24.06403652199556,0.09828420031664267,21.616756444081272,24.357603568343176,8.477371695694604,7.136803532,0.9238057564082732,Pérou,2008
24.00974632276698,0.7244996811265434,21.60235224648571,24.995233993352745,8.480238129806187,7.097927691,1.114920254650912,Pérou,2009
24.26968955341499,1.742346615190685,21.653029759306893,25.361362739612908,8.552143507895519,7.154447241,1.156220601288423,Pérou,2010
24.41473805634467,1.9089181803687958,21.715391688401706,25.128498491974895,8.60537541866556,7.193060968,1.1146852022276847,Pérou,2011
24.599620804016148,0.184473356866876,21.748574068063892,25.35426652446899,8.656710031528174,7.186305243,1.2436357273823118,Pérou,2012
24.653109055045665,0.05565639612189736,21.719197862936227,25.117437422235835,8.704571980316235,7.227042847,1.202346482681515,Pérou,2013
24.620677507392166,0.8888953148536924,21.69273323741427,25.090684543481004,8.717544053104314,7.247177522,1.2087140468511535,Pérou,2014
24.503432074561143,0.9897348182662843,21.725757257035326,24.75849183018496,8.736987247265315,7.254756856,1.3877100253442685,Pérou,2015
24.440631129663885,1.1252161437118977,21.78240471623764,25.11881282775372,8.760927429089689,7.298234069,1.4009818038729767,Pérou,2016
24.495647733060697,1.2852739306135252,21.838813559658618,25.320584883237053,8.769184508478176,16.75600221,1.3993319183640132,Pérou,2017
24.56432064011717,0.8185726106666653,21.89412252219223,25.260000424713386,8.79092592617748,16.78070127,1.3715909607245702,Pérou,2018
25.057193786254885,1.4105334376692806,21.314352442917222,25.294851421024937,8.230497868435974,6.978196685,0.8974476439368055,Thaïlande,1996
24.674118539760066,1.4864039974319572,21.229122880756254,23.853800382715242,8.190732201084924,7.009573936,0.979891313408867,Thaïlande,1997
23.94936225071947,2.0873738050507518,21.077063419099307,24.257023348043,8.099256317312102,7.035128216,1.075002423028976,Thaïlande,1998
23.97569904618371,1.8104143642980162,21.10179378475918,24.769409686238557,8.132446454501105,7.022020251,1.2188614167211644,Thaïlande,1999
24.029017574892077,0.285968073885297,21.25200137641569,24.098030259159415,8.165590764485984,7.042475041,1.2499017362143359,Thaïlande,2000
24.020697464456234,0.6510390702485376,20.948365464462874,24.305205195188964,8.190179190051627,7.067811665,1.2547134459340676,Thaïlande,2001
24.105193595113185,0.5249995312883585,21.045346024152067,24.541073982488296,8.241547912899406,7.07470988,1.2574661767659359,Thaïlande,2002
24.28070130608951,0.7652580601795246,21.19785293938968,25.50253385742848,8.303497650481482,7.083023286,1.2465916794887795,Thaïlande,2003
24.484213140099126,1.2723581305830463,21.206849314263756,25.471586825327215,8.357615533879237,7.120978556,1.227642943148605,Thaïlande,2004
24.68341470196938,1.6275835172439348,20.894711801631658,25.542619229997058,8.392184076741705,7.154653938,1.1926615729686099,Thaïlande,2005
24.80982361848418,1.6300663306375849,21.010967909198193,25.666059596512884,8.434626999357812,7.15068667,1.186022406511149,Thaïlande,2006
24.926992286772972,0.905568550945047,21.214816893967704,26.00712599993048,8.481953809379947,7.170494556,1.1404080735406,Thaïlande,2007
25.06790397110903,1.6358422984405456,21.36428253066572,25.359239099289535,8.493805373070419,7.197925765,1.0730921809063603,Thaïlande,2008
24.89919550262251,-1.635924962904914,22.06036995387553,25.89916734662509,8.481839847193893,7.157988488,1.1024410605574153,Thaïlande,2009
25.12803516394313,1.4063394165616763,22.212378484997313,26.349921520730756,8.549388837234577,7.181219927,1.0385526114071104,Thaïlande,2010
25.28559326929998,1.3199136429638745,22.382563817189347,26.316075111294708,8.55295453732006,7.198593016,1.013090710467866,Thaïlande,2011
25.399038805624016,0.6466552055778234,22.456122217450478,26.688787560275596,8.618187010410645,7.205496036,0.9698642633839036,Thaïlande,2012
25.393244230413853,0.575908561131369,22.60803898058048,26.59359882334037,8.640169018133514,7.191525512,0.9939548687435027,Thaïlande,2013
25.33298143154871,0.3656602109469654,22.598771132170004,26.788042670091002,8.645657137450105,7.176693691,1.0434674243935804,Thaïlande,2014
25.31263131486411,-0.3255728485648223,22.497313581100805,26.57775882368973,8.672495162575162,7.179473128,1.158276211356959,Thaïlande,2015
25.30847924905906,0.969326203385379,22.55904633386442,26.793902357635474,8.702539749004021,7.195482752,1.2164135721580003,Thaïlande,2016
25.38156563460784,0.6418249331099419,22.628371410036102,27.030991549620488,8.740015423643445,16.54994942,1.1818770280181763,Thaïlande,2017
25.47069640726785,0.3592456141805284,22.733636188687647,26.939354898201593,8.777903347959068,16.55912206,1.1898544166738618,Thaïlande,2018
22.2368859412684,1.471690874990699,20.416142345486886,22.048221884132225,7.807963585218753,7.698995818,3.2324900437953916,Tunisie,1996
22.31474804554575,2.6479701070253006,20.344206792990192,21.528455161287894,7.847249970192209,7.712423571,3.4456714018113743,Tunisie,1997
22.379639623351792,1.1853023564321952,20.392463679112797,21.499319313502106,7.881839540482138,7.730519503,3.7222994210963223,Tunisie,1998
22.443874364297425,1.212363183118367,20.45045711547693,24.94948494080651,7.929775690827917,7.7568334,3.632670302728845,Tunisie,1999
22.41042377923442,1.1889341146567705,20.495051144853445,24.94948494080651,7.965991249777794,7.82271116,3.691670638382378,Tunisie,2000
22.443930116145143,1.3644519839737814,20.647624202688917,24.94948494080651,7.994475870771651,7.814917007,3.7939576799317347,Tunisie,2001
22.469135903644744,0.8262797334728482,20.791217183396565,24.94948494080651,7.999748416206556,7.818089626,3.7602713899100877,Tunisie,2002
22.561725218845247,0.9875899057147677,20.94661245272394,24.94948494080651,8.038229605431983,7.832783919,3.725322675866254,Tunisie,2003
22.654851245012388,1.2094406974695462,21.081884613573642,24.94948494080651,8.091008335650674,7.878617214,3.694424425306805,Tunisie,2004
22.65804821313309,1.4293145771712177,21.054490552804822,24.94948494080651,8.116883887176003,7.912205183,3.6943676217833232,Tunisie,2005
22.772716664942564,1.3438633792764765,21.13540148442938,24.94948494080651,8.15869596204948,7.92254485,3.6344756222800143,Tunisie,2006
22.916824510859104,0.75446639395194,21.263120433409423,24.94948494080651,8.213539684710682,7.929848062,3.541486158858664,Tunisie,2007
23.08413055754855,1.8469298994212486,21.404828287370265,24.94948494080651,8.244455200876184,7.9609115,3.5059567358586343,Tunisie,2008
23.0816729455078,1.106264602120368,21.398497852615268,24.94948494080651,8.263808593460615,7.888698867,3.5347305194518217,Tunisie,2009
23.209604114901317,2.185432565852465,21.44756989968159,23.088986279593207,8.287963424821175,7.932085527,3.4558656328041026,Tunisie,2010
23.13215260275312,1.4264958003617625,21.418659890569124,22.99146339812659,8.2612056118942,7.975416067,3.4174556085151755,Tunisie,2011
23.146887392957776,1.602871503806298,21.541155830088314,24.94948494080651,8.289853568148313,7.969248857,3.436663995133903,Tunisie,2012
23.15233224730225,1.5671450350394491,21.55204136928484,22.87508850349421,8.30133696872894,7.968963485,3.4251081169588073,Tunisie,2013
23.105376505920923,1.6207715694426843,21.576242306684925,22.891607283723555,8.318028147718932,7.956075032,3.480619383814794,Tunisie,2014
22.985583045585994,1.430251768597216,21.401997497700133,22.90020380321853,8.317482016842137,7.948626365,3.5336198959165768,Tunisie,2015
22.930759551668846,1.596359523227246,21.32278745632664,22.85745594667445,8.317564875056865,7.940492623,3.563780503449561,Tunisie,2016
22.85770606612907,1.5491231285106062,21.360014704430025,22.91185210013678,8.328368062594217,18.29306811,3.5245886929078507,Tunisie,2017
22.84751913730269,2.0479284825659616,21.366322673406355,22.84300803727457,8.341708451471302,18.28837509,3.475383766503427,Tunisie,2018
24.541707815372117,4.346703973053585,21.987957376307055,24.134802912593965,8.717858452138264,7.261599248,-2.5083199094993733,Turquie,1996
24.63836143115769,4.400049033475541,22.157635821297866,24.835696357753324,8.775052461221792,7.319063959,-1.8847633106765098,Turquie,1997
24.893333104803233,4.967307813567534,22.401483264775337,24.239147829470983,8.783080738779798,7.345682328,-1.3442919435731104,Turquie,1998
24.654506804340013,3.994155066802264,22.23464980890512,25.448135798248995,8.734409411596298,7.33435657,-0.8704025911710951,Turquie,1999
24.83293234490881,3.899156105628915,22.240588460472704,24.967622813890266,8.78626283936672,7.391474313,-0.46965409034157657,Turquie,2000
24.31273803824567,3.9699099666612847,21.747872712304027,24.602517479381184,8.712101143951426,7.374806867,0.20342079655613404,Turquie,2001
24.56890505573318,3.6263341673432286,21.383889825800797,24.308005419002797,8.759846292923449,7.410436498,0.41027115188912205,Turquie,2002
24.898450681241535,3.147993211345082,20.407184289972932,24.94833159689152,8.801491430675648,7.452738185,0.4060550733777592,Turquie,2003
25.357483918360945,2.519912650189186,20.50510982714324,25.311269518012594,8.881097424631871,7.485435096,0.3545487602112177,Turquie,2004
25.618997722814544,1.9580386052448329,21.03661565614677,25.79842215202711,8.95397325659692,7.496324877,0.29534000648286457,Turquie,2005
25.789645633687364,2.238175242354292,21.32921980580398,25.80389418662315,9.008656927873327,7.501008265,0.356592329626264,Turquie,2006
25.970336910842118,1.8245102916997995,21.463296603405208,26.374107485340854,9.045933324157822,7.520512095,0.2646162691081441,Turquie,2007
26.04793265664694,2.4887454051568803,21.614853956180195,25.490421785323953,9.042096747736842,7.52262353,0.26353412068801824,Turquie,2008
25.69536417660644,1.6949638556328213,21.329765210780685,26.16860762316725,8.979924356629834,7.505847516,0.43822897962668106,Turquie,2009
25.977713296106725,1.9472354993329841,21.321552736482396,26.435159129807158,9.046831382209751,7.521119265,0.4073623937895382,Turquie,2010
26.17304486526625,2.1042374529964794,21.356132086621425,26.006847463815053,9.137676911709221,7.540794278,0.5157860317745913,Turquie,2011
26.19664762365279,2.0045392735072802,21.355069387265303,26.476465358605015,9.168139206870384,7.55651138,0.5855624954923419,Turquie,2012
26.327219842898195,1.8373874480157335,21.3656459004527,26.000081285220816,9.232661011836598,7.548245766,0.6438352073218382,Turquie,2013
26.321349971603347,2.000062595856607,21.27657607231856,26.115813527737295,9.26385043363907,7.548526587,0.7832357596862485,Turquie,2014
26.266273132226463,2.0598657972318812,21.05616025221974,25.96428184414416,9.306221254713595,7.542430954,1.0006350155971087,Turquie,2015
26.257256948414163,2.095619726030636,20.893852137521947,25.869392734269923,9.322512463497219,7.540095766,1.105301448934447,Turquie,2016
26.270284396794654,2.3962959644342994,20.77014942284526,26.150468030031703,9.37883858386228,17.36440421,1.2942154298296475,Turquie,2017
26.165317318051095,2.801893750735511,20.838378644046916,25.72897943936348,9.393229757564496,17.36305907,1.5745089670322494,Turquie,2018
23.507146330065964,1.961174123003895,21.856923467357323,24.94948494080651,7.718060517649258,7.300071387,4.0027578859497455,Égypte,1996
23.728989329562292,2.290135662516758,22.030787516900904,24.94948494080651,7.751439450538533,7.324852175,4.055384548417124,Égypte,1997
23.619598411167246,0.8661258486053366,21.93817858131068,24.94948494080651,7.785739696848035,7.322766372,4.073103192041561,Égypte,1998
23.661397424952153,-0.08399547092950391,21.89738749630283,24.94948494080651,7.824838443731931,7.33607458,4.198312233322146,Égypte,1999
23.663451575842124,1.3722986236495165,21.77128633949846,24.94948494080651,7.867288049821121,7.353786917,4.320946017024335,Égypte,2000
23.56456122619854,0.6247076453717184,21.791899902094833,24.94948494080651,7.883018639418338,7.349952557,4.346594008441165,Égypte,2001
23.442659694505732,1.1523359979074015,21.785594428537273,24.94948494080651,7.887824997758706,7.374278872,4.378042458373573,Égypte,2002
23.295629944770653,1.9136073587534925,21.80875911312137,24.94948494080651,7.9006740578323615,7.378055005,4.348921856007506,Égypte,2003
23.281650235601983,2.4570135919160543,21.929446202814347,24.94948494080651,7.922466413530819,7.390622626,4.277508125540159,Égypte,2004
23.498932181174272,1.8266003338994397,22.336157777352025,24.94948494080651,7.948155706778399,7.397245615,4.294237341504086,Égypte,2005
23.72542005430238,1.9960569065649252,22.396523262093467,25.26118876982601,7.996635280352987,7.38795529,4.285606818663453,Égypte,2006
24.026675307429905,2.533358647520675,22.75872936745386,25.659707544967766,8.0475974783453,7.393482705,4.2383352320722025,Égypte,2007
24.31450590075009,2.501762493972644,22.88589896951301,25.17735810068189,8.098928742233591,7.40635905,4.167948121466733,Égypte,2008
24.39037231191703,2.414622075331599,22.690322248031457,25.2364012132443,8.125960927083902,7.401088652,4.285617830815592,Égypte,2009
24.462693480339812,2.3132148591507127,23.245235424846708,25.157372812455517,8.156304294990985,7.401989322,4.309267527988121,Égypte,2010
24.397697183939496,2.456419409965121,23.385223232733704,24.612013460038792,8.152658380370507,7.382249428,4.2896081656285086,Égypte,2011
24.43711510100034,2.9695360014622287,23.680070154489567,24.803882771637497,8.152528787434443,7.393706794,4.350741914769186,Égypte,2012
24.346519667613215,2.1647788130421937,23.604322117982516,24.84440892285203,8.151468515688535,7.398624561,4.374100304149437,Égypte,2013
24.36172490712584,2.42015695123327,23.69728405759365,24.97295536555159,8.15761808138976,7.410287393,4.389238276536595,Égypte,2014
24.52935703447983,2.2956500741218013,23.63155391258458,24.734081496773616,8.178339265057934,7.418596912,4.612060724606228,Égypte,2015
24.596608979254544,1.831887324647932,23.64591115539287,24.229514009742985,8.199435323160058,7.421748532,4.695404475228715,Égypte,2016
24.27686547642655,3.1325574833137186,23.931582105421246,24.5637090562789,8.219488702849898,17.08558568,4.709287078967699,Égypte,2017
24.426532018702567,3.0646156819572585,23.962559785928267,24.461067589356823,8.250933305938778,17.08739825,4.758696028073471,Égypte,2018
